{"cameraMode":{"drawMode":0,"name":"Shaded","section":"Shading Mode"},"sceneLighting":false,"audioPlay":false,"sceneViewState":{"showFog":false,"showMaterialUpdate":false,"showSkybox":false,"showFlares":false,"showImageEffects":false,"showParticleSystems":false},"in2DMode":false,"pivot":{"x":-1.4011479616165162,"y":29.692506790161134,"z":-238.46461486816407},"rotation":{"x":-0.07673488557338715,"y":-0.005954148713499308,"z":0.00036293829907663167,"w":-0.9970337152481079},"size":30.233898162841798,"orthographic":true}