{"cameraMode":{"drawMode":0,"name":"Shaded","section":"Shading Mode"},"sceneLighting":false,"audioPlay":false,"sceneViewState":{"showFog":true,"showMaterialUpdate":false,"showSkybox":true,"showFlares":true,"showImageEffects":true,"showParticleSystems":true},"in2DMode":false,"pivot":{"x":380.7738952636719,"y":230.54318237304688,"z":286.66705322265627},"rotation":{"x":0.007487987633794546,"y":-0.06232737749814987,"z":0.00047246747999452055,"w":0.9980276226997376},"size":1036.4940185546875,"orthographic":false}